Country,MAE
AT,0.15467308
BE,0.18432261
BG,0.09362072
CH,0.17415318
CZ,0.11534576
EE,0.13284484
ES,0.17629048
FI,0.10439497
FR,0.31431656
GR,0.1029878
HR,0.10517422
HU,0.11863137
LT,0.13354929
LV,0.13832569
NL,0.19568518
PL,0.16039942
PT,0.17511882
RO,0.105550855
RS,0.10835326
SI,0.11330853
SK,0.1569857
average_mae,0.14590631
