AT;BE;BG;CH;CZ;EE;ES;FI;FR;GR;HR;HU;LT;LV;NL;PL;PT;RO;RS;SI;SK
34971.0;34971.0;34971.0;34971.0;34971.0;34971.0;34971.0;34971.0;34971.0;34971.0;34971.0;34971.0;34971.0;34971.0;34971.0;34971.0;34971.0;34971.0;34971.0;34971.0;34971.0
138.1590983958137;129.301183552086;170.37331045723602;145.15368019215921;133.6785596637214;114.54560578765262;107.44915844556918;82.19623059106117;135.1339278259129;154.0236470218181;146.54683995310398;148.44043578965426;125.78420605644676;124.41730748334332;129.67958308312603;115.53844985845414;107.95715564324726;171.93911927025252;148.38107803608705;146.4504906922879;141.4978164765091
112.13829310955012;108.15642284757338;130.27432602332152;114.4669393935438;107.38768269195343;101.13392255049806;71.12223275417996;97.40827909973738;122.50990183189036;108.83170887233464;115.43608034059558;118.1662006957954;113.65593454821341;112.15924358687926;106.00602239601405;63.718906078499415;70.70842229067138;123.29895069192315;113.86328261165681;115.17755590735594;114.13615798425622
-500.0;-140.0;-45.0;-427.51;-138.75;-60.04;-2.0;-500.0;-134.94;-1.02;-500.0;-500.0;-56.55;-56.55;-500.0;-61.64;-2.0;-106.36;0.0;-500.0;-146.13
71.015;63.93;90.0;71.62;70.775;55.08;60.120000000000005;22.16;59.99;82.54;75.0;75.445;60.045;59.25;67.64500000000001;78.455;61.095;89.85;75.36500000000001;75.13499999999999;72.86
103.23;97.34;127.9;105.43;101.33;92.78;98.6;53.43;96.63;118.11;109.87;111.21;96.19;96.0;99.94;102.87;98.73;133.2;111.35;110.0;105.15
170.1;164.475;213.02;188.86;160.84;142.34;144.76999999999998;105.03;177.79500000000002;203.805;186.39499999999998;186.84;150.56;150.0;164.18;138.05;145.0;230.10500000000002;189.52;185.5;174.82999999999998
919.64;871.0;1061.04;871.61;871.0;4000.0;700.0;1896.0;2987.78;942.0;920.0;1047.1;4000.0;4000.0;872.96;771.0;651.0;1021.61;899.97;1022.27;900.23
