;AL;AT;BA;BE;BG;CH;CZ;DE;DK;EE;ES;FI;FR;GE;GR;HR;HU;IE;IT;LT;LU;LV;MD;ME;MK;NL;NO;PL;PT;RO;RS;RU;SE;SI;SK;UA;UK;XK
count;0.0;34972.0;0.0;34972.0;34972.0;34972.0;34972.0;0.0;0.0;34972.0;34972.0;34972.0;34972.0;0.0;34972.0;34972.0;34972.0;0.0;0.0;34972.0;0.0;34972.0;0.0;14715.0;14283.0;34972.0;0.0;34972.0;34972.0;34972.0;34972.0;0.0;0.0;34972.0;34972.0;0.0;0.0;0.0
mean;;138.15660242479697;;129.29894086697928;170.37123212855997;145.15098736131762;133.67603940295095;;;114.54304386366235;107.44754060391172;82.19459367493994;135.13151835754317;;154.0206974150749;146.54410414045523;148.4374934233101;;;125.78132277250371;;124.41446328491365;;98.08365817193341;100.43164321221032;129.67732957794806;;115.53612347020474;107.95552327576347;171.94054958252318;148.37794721491477;;;146.4477576346792;141.4950726295322;;;
std;;112.13766124286724;;108.15568962971173;130.27304318772366;114.4664105105981;107.387181562269;;;101.13361139931473;71.12185939144628;97.4073673973089;122.50897886771615;;108.83155070289834;115.43556364630548;118.16579232924036;;;113.65558855282013;;112.15890115726516;;42.92715639644923;60.15527198969253;106.00534444418767;;63.71948025649376;70.70807028597584;123.29747793900205;113.86315994520025;;;115.17704316672783;114.13567953332047;;;
min;;-500.0;;-140.0;-45.0;-427.51;-138.75;;;-60.04;-2.0;-500.0;-134.94;;-1.02;-500.0;-500.0;;;-56.55;;-56.55;;0.0;0.0;-500.0;;-61.64;-2.0;-106.36;0.0;;;-500.0;-146.13;;;
25%;;71.01;;63.93;90.0;71.6175;70.77;;;55.08;60.1075;22.16;59.99;;82.53750000000001;75.0;75.44;;;60.04;;59.2475;;75.69;73.29;67.64;;78.45;61.087500000000006;89.85;75.3575;;;75.13;72.855;;;
50%;;103.225;;97.34;127.9;105.43;101.33;;;92.775;98.6;53.425;96.63;;118.11;109.86500000000001;111.21;;;96.185;;96.0;;95.92;95.0;99.94;;102.87;98.725;133.2;111.34;;;110.0;105.15;;;
75%;;170.1;;164.46249999999998;213.02;188.86;160.84;;;142.34;144.765;105.025;177.7825;;203.8025;186.39249999999998;186.835;;;150.55;;150.0;;116.08500000000001;117.28;164.17499999999998;;138.05;145.0;230.1025;189.52;;;185.5;174.82;;;
max;;919.64;;871.0;1061.04;871.61;871.0;;;4000.0;700.0;1896.0;2987.78;;942.0;920.0;1047.1;;;4000.0;;4000.0;;950.4;813.3;872.96;;771.0;651.0;1021.61;899.97;;;1022.27;900.23;;;
missing_percentage;100.00%;0.00%;100.00%;0.00%;0.00%;0.00%;0.00%;100.00%;100.00%;0.00%;0.00%;0.00%;0.00%;100.00%;0.00%;0.00%;0.00%;100.00%;100.00%;0.00%;100.00%;0.00%;100.00%;57.92%;59.16%;0.00%;100.00%;0.00%;0.00%;0.00%;0.00%;100.00%;100.00%;0.00%;0.00%;100.00%;100.00%;100.00%
