Country,MAE
AT,0.1180988
BE,0.17905521
BG,0.07058066
CH,0.084269844
CZ,0.086043745
EE,0.086470775
ES,0.109015584
FI,0.098873965
FR,0.22193281
GR,0.1302763
HR,0.07254306
HU,0.07908377
LT,0.10678176
LV,0.12799089
NL,0.13729827
PL,0.17881182
PT,0.13435958
RO,0.08167844
RS,0.11139099
SI,0.061667483
SK,0.10980526
average_mae,0.11362044
