Country,MAE
AT,0.12087989
BE,0.14253024
BG,0.08580802
CH,0.07557328
CZ,0.119357914
EE,0.113955244
ES,0.11950645
FI,0.09604917
FR,0.15284234
GR,0.10533439
HR,0.08910602
HU,0.08585398
LT,0.11936724
LV,0.13263157
NL,0.13432684
PL,0.13032272
PT,0.099071465
RO,0.074933104
RS,0.09463528
SI,0.081391126
SK,0.09224652
average_mae,0.107896075
