Country,MAE
AT,0.096852474
BE,0.08052831
BG,0.071959
CH,0.07973241
CZ,0.078526
EE,0.08688412
ES,0.1211774
FI,0.09088438
FR,0.16598261
GR,0.1542278
HR,0.067521326
HU,0.090384945
LT,0.08774219
LV,0.14944474
NL,0.1796104
PL,0.1994845
PT,0.097448945
RO,0.07975601
RS,0.08916391
SI,0.07244002
SK,0.07904762
average_mae,0.1056571
