Country,MAE
AT,0.08827209
BE,0.15379543
BG,0.07781362
CH,0.12338787
CZ,0.08095212
EE,0.09525477
ES,0.11092981
FI,0.08669485
FR,0.19862032
GR,0.11863844
HR,0.07066135
HU,0.08638448
LT,0.1061129
LV,0.09976799
NL,0.16758091
PL,0.19076802
PT,0.09141113
RO,0.079924144
RS,0.09999454
SI,0.07329483
SK,0.09942611
average_mae,0.10950832
